Filière de formation détaillée,Effectif total des candidats pour la formation,En Phase Principale,Dont Bac Tech,En Phase Complémentaire,Dont Bac Tech,Dont Bac Pro,Dont Bac Pro,Dont Bac G,Dont Bac G,Dont Néo Bac,En Phase Principale,En Phase Complémentaire,Nb Max Admis,Dont Bac G,Dont Bac Pro,Donc Bac Tech,Dont F,Dont F
Accueil dans transports,536,490,47,46,4,326,22,28,4,51,69,5,91,5,32,14,421,64
Accueil d'excellence en tourisme,236,236,46,0,0,21,0,123,0,25,29,0,30,11,4,10,172,23
Accueil réception,2030,1801,254,228,30,1184,93,95,5,170,180,37,340,5,139,26,1520,162
"Action, commercialisation des services sportifs",1132,1021,335,111,26,72,14,455,20,41,46,8,55,29,3,9,212,16
Activités aquatiques et de la natation,1212,954,294,258,57,125,41,387,54,35,43,11,113,16,4,15,331,17
Activités de la forme,3581,2888,773,693,153,595,110,1066,129,23,27,12,76,5,6,12,819,16
Activités équestres,200,190,31,10,1,34,3,111,1,4,4,0,10,3,1,0,184,3
Activités gymniques,35,34,11,1,1,2,0,15,0,0,0,0,5,0,0,0,24,0
Activités gymniques forme et force,333,333,93,0,0,53,0,135,0,9,10,0,10,2,2,5,71,2
"Activités physiques et sportives adaptées : déficiences intellectuelles, troubles psychiques",414,414,111,0,0,38,0,151,0,13,21,0,20,6,3,4,246,16
Activités physiques et sportives et inadaptations sociales,380,380,93,0,0,56,0,146,0,14,23,0,20,6,3,5,184,13
Activités physiques pour tous,4598,4223,1295,374,83,926,73,1447,64,98,111,18,183,33,29,36,1009,21
Activités sports collectifs,1445,1363,463,82,26,305,12,448,10,9,15,0,22,2,3,4,189,0
Administration économique et sociale,66495,59412,8752,7029,1329,2173,982,37783,1048,7436,7818,2759,11724,4774,875,1787,39087,5853
Administration et Echanges internationaux,14188,9982,1027,4206,724,191,343,6820,1343,783,932,106,1070,676,5,102,8934,674
Administration publique,3432,3211,454,221,35,149,27,2084,42,197,238,32,385,144,26,27,1872,143
Aéronautique,12721,12719,3792,2,0,1728,0,4544,0,190,218,0,220,73,46,71,1428,38
Aéronautique - option avionique,177,164,2,13,0,145,11,6,0,26,23,3,36,0,26,0,10,1
Aéronautique option avions à moteur à pistons,94,94,1,0,0,87,0,1,0,15,16,0,18,0,14,1,6,3
Aéronautique option avions à moteur à turbines,650,645,3,5,0,591,5,6,0,70,73,0,90,0,70,0,27,3
Aéronautique option hélicoptère moteur à turbines,269,269,1,0,0,245,0,3,0,32,32,0,44,0,32,0,17,0
Agent de contrôle non destructif,17,15,0,2,0,14,1,0,0,7,7,0,15,0,7,0,1,0
Agroalimentaire,368,368,7,0,0,0,0,306,0,37,45,0,45,36,0,1,258,37
Agronomie : Productions végétales,6375,6187,1627,188,17,989,33,1236,30,448,509,46,729,117,122,209,1885,129
Aménagement finition,1109,1062,242,47,6,452,23,55,0,74,77,8,109,3,50,21,294,23
Aménagements paysagers,7411,7136,1741,271,54,2204,70,1073,34,684,774,56,1162,122,332,230,1802,229
Analyse des milieux biologiques,137,137,44,0,0,2,0,66,0,17,21,0,22,4,0,13,100,16
"Analyse, conduite et stratégie de l'entreprise agricole",12116,11884,4417,225,34,4937,78,1455,10,1785,1842,61,2455,194,903,688,4228,666
Analyses agricoles biologiques et biotechnologiques,6467,6193,2303,274,66,775,12,1631,44,568,648,30,758,212,101,255,4302,468
Analyses agricoles biologiques et biotechnologiques pour Bac pro agricole : accéder à une école d'ingénieur,74,61,7,13,0,23,3,8,1,4,4,0,12,0,4,0,34,3
Analyses de biologie médicale,29132,28154,11234,976,244,1343,76,7741,95,794,981,69,1093,188,56,550,22582,850
Animation,2626,2522,414,104,14,184,14,1151,23,44,68,3,71,27,3,14,1486,49
"Animation et gestion des activités physiques, sportives ou culturelles",5797,5463,1588,332,79,603,34,2405,84,272,329,30,394,114,44,114,1501,105
"Animation et gestion des activités sportives, physiques ou culturelles, parcours activités aquatiques",78,58,23,20,5,2,2,26,4,14,15,1,25,5,2,7,23,5
"Animation et gestion des activités sportives, physiques ou culturelles, parcours activités de pleine nature",210,160,44,50,10,20,3,61,12,37,47,2,75,18,7,12,43,6
"Animation et gestion des activités sportives, physiques ou culturelles, parcours agent de développement de club sportif",163,77,16,83,24,7,8,36,21,12,16,5,35,6,3,3,34,5
"Animation et gestion des activités sportives, physiques ou culturelles, parcours animation",271,230,61,41,11,19,3,84,5,15,30,0,37,8,2,5,93,12
Animation-gestion de projets dans le secteur sportif,1181,601,115,563,156,239,173,141,55,114,59,81,267,5,84,25,284,36
Année de Remise à Niveau Scientifique,504,422,79,82,14,40,9,213,13,44,47,8,128,24,6,14,274,29
Année de Réussite à Toulouse en Economie - Option économie gestion ou économie droit,219,161,8,56,6,4,13,130,14,43,36,12,60,40,0,3,107,24
Année préparatoire à l?École Nationale de la Marine Marchande - Officier 1ère classe,277,273,21,4,0,2,0,199,2,48,54,2,65,48,0,0,26,1
Année préparatoire à l?École Nationale de la Marine Marchande - Officier machine,45,33,9,12,2,2,0,12,5,8,5,5,24,2,0,6,3,0
Année préparatoire aux Etudes de Santé,922,693,152,228,66,62,32,376,59,65,60,5,80,35,13,17,756,55
Année Préparatoire aux Etudes Supérieures Scientifiques,547,318,19,227,15,6,15,216,83,55,43,31,180,46,0,9,255,31
Année Préparatoire aux Licences Mathématiques et Informatique (L0),15,12,2,3,0,0,0,6,1,1,1,0,20,1,0,0,5,0
Aquaculture,1345,1314,343,31,5,380,4,236,6,142,159,4,198,28,80,34,256,21
Architecture,35959,35823,3475,136,18,1031,3,21832,51,1877,2510,5,2537,1546,78,253,20472,1602
Architectures en Métal : conception et Réalisation,2272,2246,846,25,3,568,16,272,3,199,227,6,263,20,84,95,260,22
ARS Année de Remise à Niveau Scientifique,204,176,23,28,5,12,2,102,8,37,44,11,100,20,5,12,91,19
Art du bijou et du joyau,263,234,62,29,3,18,5,49,7,5,15,1,39,1,0,4,202,14
Arts,23107,21692,2085,1404,154,920,179,13074,321,2098,2701,294,3700,1634,194,270,15494,2055
Arts appliqués,14413,13935,1773,478,59,1871,69,7306,117,689,800,109,965,518,94,77,9834,657
Arts du spectacle,32428,31277,2074,1147,138,873,141,20427,221,3209,4197,430,4880,2660,199,350,19498,2624
Arts Graphiques Option Gravure,141,141,40,0,0,7,0,12,0,3,12,0,12,0,0,3,93,10
Arts Graphiques Option Illustration,768,768,185,0,0,106,0,117,0,3,12,0,12,0,0,3,476,11
Arts Graphiques Option Reliure Dorure,56,56,10,0,0,10,0,5,0,3,12,0,12,0,1,2,46,11
Arts plastiques,12904,12471,1320,426,35,582,44,7329,87,1615,2093,220,2409,1231,172,212,9635,1676
Assistance Conseil Vente à distance,330,246,15,76,9,202,42,3,4,52,38,14,162,2,48,2,195,33
Assistance technique d'ingénieur,7070,6759,2442,305,94,1563,60,949,27,480,521,41,649,71,190,219,1138,63
Assistant ingénieur en biologie-biochimie - biotechnologies,303,293,31,10,2,1,1,219,1,83,88,0,100,74,0,9,205,63
Assistant juridique,434,346,98,88,20,25,9,153,4,10,12,5,30,8,0,2,359,15
Assurance,27373,25524,8841,1827,665,5785,224,4661,163,866,995,147,1457,198,217,451,15512,695
Athlétisme et disciplines associées,84,84,25,0,0,10,0,38,0,0,0,0,3,0,0,0,20,0
Attelage canin,14,14,2,0,0,2,0,8,0,0,0,0,2,0,0,0,4,0
audiovisuel,622,622,81,0,0,53,0,347,0,16,20,0,20,16,0,0,234,13
Aviron (BPJEPS),14,14,5,0,0,0,0,6,0,0,0,0,3,0,0,0,4,0
Aviron (DEJEPS),14,14,2,0,0,1,0,11,0,0,0,0,2,0,0,0,3,0
B/L - Lettres et sciences sociales,30548,30361,26,187,1,7,4,28024,118,1166,1191,16,1307,1166,0,0,20085,841
bac ES,78,70,0,8,0,0,0,63,6,23,22,2,25,23,0,0,29,13
"bac ES,L",38,38,0,0,0,0,0,30,0,2,3,0,3,2,0,0,20,2
"bac ES,STI2D,STL,bac +1+2 S",33457,33257,15393,200,39,0,0,3784,11,192,276,13,608,44,0,148,7547,59
bac S,1615259,1614909,1,348,0,0,0,1507638,241,13615,14101,41,14630,13615,0,0,445252,4282
"Bac S,STAV,STL",296,272,10,24,1,0,0,218,14,86,99,2,100,85,0,1,176,71
"bac S,STI2D",1781,1745,133,36,4,0,0,1322,14,239,261,1,294,236,0,3,391,63
"bac S,STI2D,STL",34046,33481,6892,565,93,0,0,23048,258,582,564,86,1657,455,0,127,4645,109
"bac STAV, STL",111,108,105,3,2,0,0,0,0,21,21,0,22,0,0,21,34,5
"bac STAV,STI2D,STL",10,8,8,2,2,0,0,0,0,1,1,0,3,0,0,1,3,1
bac STI2D,38707,38656,37179,51,31,0,0,1,0,382,388,1,531,0,0,382,2299,27
"bac STI2D,STL",1455,1451,1361,4,1,0,0,0,0,85,85,1,87,0,0,85,141,12
bac STL,273,271,260,2,1,0,0,1,0,13,14,0,33,0,0,13,105,5
Badminton,98,78,20,20,9,16,4,31,1,0,0,1,7,0,0,0,13,0
Banque conseiller de clientèle,45407,42505,13933,2885,898,9236,445,8851,255,1129,1324,147,1665,308,285,536,24729,876
Basket-ball,351,335,116,16,2,62,3,125,2,8,8,4,13,0,2,6,42,3
Bâtiment,19497,19091,7436,401,108,4754,112,2640,22,970,1089,33,1247,116,399,455,2300,158
Bâtiment et Construction,186,167,72,19,5,13,1,52,3,14,21,2,35,4,0,10,29,6
BCPST,65849,65361,271,488,8,14,7,58430,322,3361,3394,30,3542,3359,1,1,46009,2470
Bicursus Architecure Ingénieur EIVP,367,367,0,0,0,0,0,275,0,7,9,0,8,7,0,0,212,6
Bicursus Architecure Ingénieur ESTP,482,482,0,0,0,0,0,392,0,31,39,0,37,31,0,0,285,23
Bioanalyses et contrôles,18696,17529,7074,1159,368,826,55,5270,177,822,909,117,1133,264,47,511,12915,713
Bio-industries et biotechnologies,301,301,94,0,0,6,0,116,0,17,21,0,20,5,0,12,176,14
Biotechnologie,12657,12525,5270,132,35,451,4,3485,31,481,566,6,586,138,12,331,7750,380
BMX,10,10,3,0,0,2,0,3,0,0,0,0,1,0,0,0,1,0
Cadre technique génie de l'environnement marin,49,49,13,0,0,0,0,19,0,10,13,0,12,7,0,3,22,5
Cadre technique production et valorisation des ressources marines,34,34,6,0,0,0,0,20,0,10,11,0,12,8,0,2,17,7
Canoë-Kayak,27,26,8,1,0,4,0,9,0,1,1,0,7,1,0,0,3,1
Canoë-kayak et disciplines associées en eau vive,8,6,3,2,1,1,1,2,0,1,1,0,2,1,0,0,1,1
Canyonisme,10,10,3,0,0,0,0,3,0,0,0,0,5,0,0,0,3,0
Carrières juridiques,25118,24554,7437,561,99,823,37,12489,107,1165,1300,57,1396,684,16,465,19073,1117
Carrières sociales Option animation sociale et socio-culturelle,11139,10715,3428,421,147,1100,39,3352,38,513,800,33,844,256,54,203,8356,628
Carrières sociales Option assistance sociale,8046,7810,2742,236,118,752,3,2585,15,200,250,6,259,115,9,76,7413,242
Carrières sociales Option éducation spécialisée,10583,9904,3298,679,196,796,96,3410,66,140,230,7,243,82,7,51,9111,212
Carrières sociales Option gestion urbaine,3019,2717,597,301,35,115,40,1210,50,212,289,35,376,144,4,64,1867,213
Carrières sociales Option services à la personne,2817,2531,957,284,55,368,70,698,26,107,124,39,203,47,15,45,2525,148
Chargé de projet en aménagement durable du territoire,176,127,49,49,15,2,0,53,11,28,26,10,48,11,1,16,48,15
Chimie,64721,60276,5847,4436,527,287,159,41672,819,3711,4474,988,7773,3072,39,600,37669,3052
Cinéma,7231,7231,545,0,0,165,0,4736,0,133,153,0,157,132,0,1,3685,99
Cinéma d'animation,2675,2675,629,0,0,239,0,469,0,19,68,0,68,0,1,18,1610,53
Classe d'approfondissement en arts plastiques,78,75,9,3,0,11,0,38,0,21,24,3,30,15,4,2,47,14
Classe de mise à niveau Cinéma-Audiovisuel,978,978,98,0,0,99,0,568,0,39,41,0,39,33,2,4,381,19
Classe de mise à niveau pour l'entrée en BTS et les poursuites d'études scientifiques,176,173,64,3,0,24,0,50,0,27,31,2,35,7,0,20,133,30
Classe préparatoire aux écoles des carrières sociales,5260,5071,1754,188,47,946,64,1679,23,292,323,14,491,106,57,129,4625,319
Classe préparatoire aux écoles paramédicales,7712,7505,2822,200,47,1119,41,2794,25,413,427,18,571,152,67,194,6638,415
Classe préparatoire en ergothérapie,78,68,20,10,1,7,1,38,1,3,3,0,120,1,0,2,66,2
Classe Préparatoire Universitaire - Physique - Chimie,311,292,8,19,0,2,2,226,6,16,20,0,30,16,0,0,134,4
Classe Préparatoire Universitaire Mathématiques - Physique - Informatique,444,417,16,27,3,3,2,328,3,19,21,1,32,19,0,0,116,12
Commerce,21830,21219,3329,596,105,625,49,13797,180,970,1052,137,2047,775,20,175,9246,549
Commerce international à référentiel européen,122768,114720,33923,8020,2360,14100,779,40162,1123,3968,4698,406,5897,1684,656,1628,65969,3115
Communication,81787,78529,23406,3246,579,10445,494,22062,403,1926,2435,243,3520,816,346,764,55211,1996
Comptabilité et gestion,133097,119468,36915,13514,3725,26653,2289,25860,1318,7719,8381,1121,11353,1632,2600,3487,64346,4792
Concepteur en art et industrie céramique,33,27,9,6,3,0,0,0,0,3,6,2,12,0,0,3,24,7
Conception de processus de découpe et d'emboutissage,187,172,58,13,4,67,3,15,1,24,24,2,28,1,13,10,13,1
Conception de produits industriels,15905,15146,8169,751,213,3006,154,1692,71,1225,1334,83,1564,111,373,741,1143,90
Conception des processus de réalisation de produits (1ère année commune),7824,7271,3555,539,202,2683,117,451,37,1075,1046,133,1428,37,560,478,445,45
Conception et industrialisation en construction navale,505,505,200,0,0,91,0,111,0,16,22,0,22,5,4,7,43,5
Conception et industrialisation en microtechniques,4374,4147,1768,220,98,1280,26,512,15,483,494,34,645,45,198,240,280,34
Conception et réalisation de carrosseries,1164,1143,402,21,5,420,0,107,1,99,106,5,148,1,69,29,60,7
Conception et Réalisation de Systèmes Automatiques,17026,16376,6840,630,190,5695,156,1480,44,1819,1888,91,2357,109,903,807,770,67
Conception et réalisation en chaudronnerie industrielle,3526,3464,925,62,13,1876,23,187,3,464,483,4,567,28,329,107,115,21
Contrôle industriel et régulation automatique,4760,4338,1868,418,103,999,117,504,35,485,522,65,717,70,138,277,468,54
CPESIP (Cycle préparatoire aux Etudes Supérieures et à l'Insertion Professionnelle),1308,1088,408,219,39,454,85,126,20,154,108,55,240,1,147,6,858,99
Cursus préparatoire aux concours des grandes écoles d'ingénieurs,1377,1306,46,71,2,11,6,928,19,13,13,10,30,13,0,0,517,7
Cycle pluridisciplinaire d?'enseignement supérieur - Humanités,931,931,5,0,0,4,0,813,0,38,40,0,40,38,0,0,699,35
Cycle pluridisciplinaire d'enseignement supérieur - Sciences,933,933,14,0,0,3,0,813,0,45,45,0,45,45,0,0,483,26
Cycle pluridisciplinaire d'enseignement supérieur - SESJ,1645,1645,4,0,0,6,0,1495,0,63,65,0,65,63,0,0,1069,46
Cycle préparatoire aux concours des Instituts d'Etudes Politiques de province (Camille Saint Saëns),830,830,8,0,0,1,0,782,0,45,45,0,40,45,0,0,543,37
Cycle préparatoire aux concours des Instituts d'Etudes Politiques de province (Val de Seine),521,521,6,0,0,2,0,486,0,41,41,0,32,41,0,0,326,26
Cycle préparatoire aux écoles d'ingénieurs,3632,3616,0,16,0,0,0,2880,0,51,65,0,75,51,0,0,1385,25
Cycle préparatoire informatique,98,81,14,17,2,0,0,59,11,23,19,5,36,18,0,5,5,1
cycle préparatoire ingénieur (matériaux),262,244,3,18,1,0,4,209,4,16,17,0,20,16,0,0,84,3
Cycle préparatoire ingénieur technologies de l'information,431,431,14,0,0,3,0,354,0,48,48,0,48,48,0,0,96,4
Cycle préparatoire intégré,106,76,10,30,0,0,0,62,18,24,18,7,100,24,0,0,10,1
Cycle Préparatoire Lettres  - Licence renforcée,150,141,2,9,1,2,5,120,0,19,20,0,40,19,0,0,126,18
"Cycle préparatoire Physique Chimie, parcours d'Excellence",213,171,6,42,7,0,1,134,6,18,18,1,60,18,0,0,96,7
Cycle Universitaire de Préparation aux Grandes Ecoles Scientifiques,107,84,5,23,1,1,2,63,8,8,7,3,20,8,0,0,48,7
Cycle Universitaire Préparatoire aux Grandes Ecoles,1832,1832,55,0,0,16,0,1442,0,104,123,0,126,104,0,0,664,44
Cycle Universitaire Préparatoire aux Grandes Ecoles - Mathématiques et Physique,755,688,17,67,3,9,3,532,22,17,17,3,20,17,0,0,244,12
"Cycle universitaire préparatoire aux grandes écoles - Parcours Informatique, Mathématiques",175,132,4,43,2,0,1,101,11,6,7,0,28,6,0,0,43,2
Cycle universitaire préparatoire aux grandes écoles - Parcours Sciences pour l'ingénieur,253,205,4,48,4,0,0,177,16,10,11,4,36,10,0,0,66,6
Cycle universitaire préparatoire aux grandes écoles - Physique,263,202,1,61,5,4,2,155,16,18,18,6,30,18,0,0,61,7
Cycle Universitaire Préparatoire aux Grandes Ecoles - Physique et Mathématiques,494,406,8,88,6,6,5,306,18,9,12,1,20,9,0,0,158,7
Décor architectural A : Traitement plastique de la transparence (vitrail),61,61,15,0,0,4,0,3,0,0,7,0,7,0,0,0,50,6
Décor architectural B : Décor du mur : Laque,43,43,11,0,0,3,0,4,0,1,6,0,6,0,0,1,34,5
Décor architectural B : Décor du mur : Mosaïque / fresque,89,71,15,18,4,6,2,12,4,3,11,1,12,1,0,2,71,10
Décor architectural C : Métal,95,95,19,0,0,2,0,9,0,1,7,0,7,0,0,1,47,4
Décor architectural D : Matériaux de synthèse,110,110,24,0,0,2,0,10,0,1,12,0,12,0,0,1,90,8
Décor architectural Option arts du verre et du cristal,79,79,28,0,0,7,0,10,0,3,9,0,12,0,0,3,57,9
Design Communication - Espace - Volume,2208,2075,814,129,30,273,24,0,0,93,165,21,245,0,32,61,1865,164
"Design de mode, textile et environnement opt : mode",3217,3210,1062,7,2,609,0,0,0,89,198,2,196,0,22,67,2739,167
"Design de mode, textile et environnement, option textile et matériaux de surface",1389,1347,522,42,17,169,14,0,0,56,99,7,107,0,12,44,1231,90
Design de produits,5355,5203,2435,150,52,386,23,0,0,159,335,26,399,1,33,125,2933,217
Design d'espace,8556,8375,3021,181,70,1256,28,0,0,156,338,23,380,0,42,114,6092,304
Design graphique option Communication et médias imprimés,9404,9168,2686,231,41,1379,43,0,0,204,476,26,527,0,81,123,6857,375
Design graphique option Communication et médias numériques,7192,6919,1641,271,40,1423,58,0,0,137,318,18,347,0,70,67,4274,208
Développement de l'agriculture des régions chaudes,360,327,82,30,4,83,13,62,2,55,61,4,84,15,26,14,118,18
Développement et Réalisation Bois,2814,2753,761,61,18,1230,22,371,2,241,249,12,309,27,179,35,252,27
"Développement, animation des territoires ruraux",3496,3123,697,360,59,1326,147,282,28,465,466,79,805,29,324,112,2218,397
Diététique,22831,21810,6912,1018,174,1379,102,6123,105,544,879,163,2216,218,41,285,18740,885
Diplôme de Comptabilité et de Gestion,43187,40665,9374,2509,402,621,185,21377,592,2560,2885,187,3642,1848,4,708,20384,1555
Diplôme des métiers d'arts,203,202,27,1,0,43,0,73,0,15,26,0,30,11,4,0,119,17
Diplôme d'état d'Assistant de service social,569,219,39,350,61,24,99,68,21,13,38,6,96,7,1,5,492,41
Diplôme d'état de manipulateur/trice en électroradiologie médicale,12990,12871,3618,119,12,315,1,3559,18,337,654,9,653,178,1,158,10231,539
Diplôme d'Etat de Technicien de Laboratoire Médical,284,244,54,40,6,6,1,109,3,43,54,0,64,32,0,11,218,42
Diplôme d'état d'Educateur de Jeunes Enfants,187,183,32,4,0,9,1,38,0,13,41,0,47,7,1,5,174,41
Diplôme d'état d'Educateur Spécialisé,289,261,59,28,1,31,11,71,3,13,33,0,43,8,2,3,234,28
Diplôme d'état d'Educateurs Techniques Spécialisés,507,382,100,125,18,83,43,101,17,5,11,1,59,3,1,1,407,9
Diplôme d'Ostéopathe,337,323,27,14,0,7,1,204,0,5,5,0,10,5,0,0,203,4
Diplôme d'université Collège de droit de la Sorbonne 1ère année,622,583,31,39,4,14,6,463,15,47,48,1,60,47,0,0,429,35
Droit,259287,241927,16151,17299,2443,2920,1227,190926,5022,33841,36329,4711,46446,29236,1080,3525,183168,28739
Droit français - Droit étranger,3510,3270,93,239,37,11,26,2811,63,306,343,20,386,300,1,5,2674,276
DTS Imagerie médicale et radiologie thérapeutique,18262,17649,6270,612,66,585,41,4969,88,530,745,32,790,237,0,293,14366,633
DU informatique,166,92,18,74,16,6,8,47,21,3,5,1,45,3,0,0,29,0
DU PAREO,481,312,78,167,41,33,0,141,60,80,73,33,125,47,13,20,242,54
DU préparant au BTS Opticien - Lunetier,135,111,17,24,3,8,6,62,4,6,8,1,35,6,0,0,84,4
DU Préparation à l'enseignement supérieur,108,57,9,51,8,26,19,10,6,6,3,5,12,0,6,0,63,5
DU Web Design et mutation numérique du journalisme (SupMédiaWeb),112,93,19,19,1,4,2,56,7,13,16,4,30,8,2,3,61,11
ECE - Option économique,60390,59015,796,1364,151,102,65,54742,775,3384,3379,78,4428,3383,1,0,33076,2045
Ecole nationale des Chartes,837,837,2,0,0,1,0,732,0,118,123,0,130,118,0,0,587,87
Ecole supérieure d'art,2298,2112,230,179,22,108,19,896,48,188,292,1,390,143,10,35,1558,210
Economie,40101,38027,1890,2063,330,371,194,29340,478,3099,3443,620,4365,2775,92,232,17478,1577
Economie et gestion,146848,136242,11820,10557,1628,2265,1075,100297,2335,11149,12468,2254,16512,9183,542,1424,69226,6144
Economie sociale familiale,60173,57332,15880,2822,613,20534,832,8803,189,2795,3219,240,3954,484,1248,1063,54368,3239
ECS - Option scientifique,76848,75603,87,1244,31,13,22,66236,833,3387,3482,67,4454,3387,0,0,36047,1744
ECT - Option technologique,8839,8420,7766,416,310,206,6,0,0,1112,1105,38,1410,0,62,1050,4258,576
Edition,660,660,81,0,0,96,0,247,0,18,30,0,30,8,5,5,525,24
"Electronique, énergie électrique, automatique",2747,2332,242,415,45,83,56,1419,91,178,202,108,454,126,24,28,391,56
Electrotechnique,38423,36471,9827,1926,523,17595,632,2312,79,3096,3276,203,4277,149,1928,1019,1199,74
ENS Cachan C,1058,1051,391,7,3,4,0,446,3,73,91,2,107,42,0,31,846,77
ENS Cachan D2,8358,8126,191,232,21,14,15,7341,110,592,605,21,682,586,0,6,4476,325
ENS Rennes D1,12443,12377,111,66,6,9,2,11629,36,579,586,5,609,568,0,11,8708,461
Enveloppe des bâtiments : conception et réalisation,2276,2159,812,116,24,796,45,191,4,164,179,14,229,12,100,52,291,20
Environnement nucléaire,1080,1065,475,15,7,276,1,178,2,57,61,3,72,8,29,20,102,8
Escalade en milieu naturel,30,29,15,1,0,0,0,11,0,0,0,0,5,0,0,0,8,0
Espace,9738,9426,1985,312,59,920,44,3700,74,234,302,12,319,130,13,91,7825,262
Etude et économie de la construction,8694,8267,2696,422,133,2842,76,1117,26,681,750,43,844,92,338,251,1489,176
Etude et réalisation d'agencement,6602,6447,1682,154,28,2451,39,1003,24,326,370,8,391,38,197,91,3096,194
Etudes culturelles,591,486,17,105,11,22,14,339,22,76,88,27,170,62,7,7,434,76
Etudes et réalisation d'un projet de communication - 1ère année commune,2489,2287,423,194,20,1100,57,238,21,382,429,23,460,39,286,57,1044,188
Etudes européennes et internationales,755,723,24,32,3,11,1,577,4,69,75,3,127,66,1,2,620,62
Europlastics et composites à référentiel commun européen - option Conception d'Outillage,563,512,200,51,14,206,18,50,4,77,79,11,125,7,45,25,62,8
Europlastics et composites à référentiel commun européen - option Pilotage et Optimisation de la production,675,595,196,80,31,292,20,42,8,117,113,16,221,7,79,31,63,10
Événement,2120,1970,443,150,35,250,19,662,28,87,107,11,123,34,18,35,1793,104
"Fluide, énergie, domotique - option A génie climatique et fluidique",6368,6181,1844,186,55,3041,49,352,7,466,510,29,664,31,282,153,166,9
"Fluide, énergie, domotique - option B froid et conditionnement d'air",3648,3478,778,167,44,2116,41,113,9,332,347,31,541,7,237,88,66,6
"Fluide, énergie, domotique - option C domotique et bâtiment communicants",6614,6380,1893,231,64,3446,85,293,12,609,640,36,828,20,393,196,199,22
Fonderie,367,333,141,34,10,70,10,36,1,55,54,12,86,3,28,24,32,7
Forge,138,138,50,0,0,23,0,43,0,13,15,0,15,4,4,5,6,2
Formation de base aux métiers du théâtre,231,230,17,1,0,17,0,148,0,33,42,0,45,31,0,2,150,35
Formation préparatoire aux professions de santé (DUPPS),2181,2005,737,176,42,274,38,749,17,246,249,50,300,79,49,118,1859,252
Générale,409,360,17,49,6,18,4,250,22,36,34,2,54,36,0,0,202,19
Génie biologique Option agronomie,9564,9500,1171,64,12,31,0,6375,15,417,499,5,504,323,1,93,5209,305
Génie biologique Option analyses biologiques et biochimiques,35644,35511,7595,133,23,155,1,21088,33,782,905,10,905,511,0,271,25589,713
Génie biologique Option bio-informatique,556,556,97,0,0,2,0,338,0,33,44,0,45,25,0,8,210,21
Génie biologique Option diététique,10118,10081,2303,36,25,85,0,4958,0,171,228,0,245,117,0,54,8069,201
Génie biologique Option génie de l'environnement,11058,10725,1725,333,86,61,4,7009,66,479,517,33,559,374,1,104,5098,277
Génie biologique Option industries agroalimentaires et biologiques,13471,13105,2382,364,104,61,3,8232,56,919,1041,42,1100,668,0,251,8675,704
Génie chimique génie des procédés,6088,5642,930,443,66,70,6,3582,116,493,561,50,700,355,5,133,2850,268
Génie civil,3688,3378,478,307,52,39,25,2202,64,256,283,71,588,191,10,55,807,50
Génie civil - Construction durable,33723,32944,9570,777,181,541,33,18286,193,2214,2400,86,2565,1373,26,815,5782,482
Génie civil Trinational,106,106,24,0,0,0,0,68,0,8,9,0,9,6,0,2,26,2
génie des équipements agricoles,1287,1273,433,14,1,542,4,133,0,176,192,4,274,20,96,60,65,5
Génie électrique et informatique industrielle,38088,35967,10399,2108,587,1053,84,20025,389,3271,3456,277,4057,1893,59,1319,2846,245
Génie électrique et informatique industrielle - Trinational,110,110,23,0,0,2,0,70,0,11,12,0,11,8,0,3,12,1
Génie industriel et maintenance,10142,9318,3710,815,198,446,83,4022,153,824,873,81,1176,396,27,401,726,63
Génie mécanique et productique,50421,49526,12798,889,286,564,8,29365,247,3116,3516,132,3709,1946,25,1145,4270,272
Génie mécanique et productique trinational,146,146,33,0,0,0,0,93,0,9,9,0,10,8,0,1,15,2
Génie thermique et énergie,11953,11476,3763,477,139,157,10,5899,81,800,918,45,1135,487,6,307,1198,81
Géographie et aménagement,22594,18150,1259,4434,587,351,381,12476,837,2562,2799,1162,5958,2025,176,361,10494,1671
Géologie appliquée,344,344,32,0,0,11,0,190,0,22,22,0,24,22,0,0,91,8
Géomètre-Géomaticien,57,54,5,3,0,2,0,34,1,10,14,1,15,8,0,2,15,3
Gestion,32991,31179,2767,1807,284,470,158,22492,319,2789,3264,260,3899,2537,38,214,16637,1782
Gestion administrative et commerciale des organisations,20989,20761,6179,227,52,544,4,11065,56,835,946,10,933,472,14,349,11654,610
Gestion administrative et commerciale des organisations - Arts,754,754,178,0,0,16,0,410,0,36,43,0,42,30,0,6,529,36
Gestion de la PME,91980,82036,27102,9824,3188,30860,1874,7427,566,5864,6117,854,8393,569,2878,2417,60634,4932
Gestion des entreprises et des administrations,155706,151199,38420,4484,1315,3126,190,89345,971,8529,9259,334,9812,5687,45,2797,77803,5312
Gestion et maitrise de l'eau,3480,3161,1366,318,90,449,33,618,36,374,404,72,701,95,60,219,844,103
Gestion et protection de la nature,14375,13878,3985,492,74,3202,90,3420,53,901,1136,55,1250,285,312,304,5505,483
Gestion forestière,4003,3893,1333,108,23,904,16,1038,24,337,371,22,469,105,97,135,667,63
Gestion logistique et transport,11903,10493,3092,1400,312,974,129,4401,174,1095,1194,164,1496,589,96,410,3101,386
Gestionnaire d'unité commerciale,116,89,15,27,8,27,4,28,2,17,17,6,110,5,9,3,46,14
Golf,32,31,6,1,0,2,0,19,0,0,0,0,7,0,0,0,4,0
Graphisme,16041,15576,3034,462,103,1722,61,5519,93,358,494,16,518,159,39,160,10878,414
Habitat décors et mobiliers. Spécialité : décors et traitements de surfaces,51,36,8,15,1,5,0,7,5,0,1,0,3,0,0,0,42,1
Habitat décors et mobiliers. Spécialité : Ebénisterie,621,595,85,26,3,34,4,56,1,2,65,0,77,0,2,0,285,23
Habitat décors et mobiliers. Spécialité : Marqueterie,19,13,0,6,0,2,1,1,1,0,2,0,3,0,0,0,6,1
Habitat décors et mobiliers. Spécialité : menuiserie en sièges,53,37,6,16,2,7,3,4,2,0,2,0,6,0,0,0,26,1
Habitat décors et mobiliers. Spécialité : sculpture sur bois,29,29,4,0,0,4,0,1,0,0,3,0,3,0,0,0,14,3
Habitat décors et mobiliers. Spécialité : tapisserie,22,19,3,3,1,1,0,3,0,0,0,0,4,0,0,0,17,0
Habitat décors et mobiliers. Spécialité Restauration et conservation de mobilier,27,24,4,3,0,3,2,4,0,0,0,0,12,0,0,0,18,0
Habitat Option décors et mobilier,82,82,23,0,0,18,0,17,0,2,9,0,12,0,1,1,70,9
Habitat Option Ornement et Objets. Spécialité : Ciselure,11,11,0,0,0,1,0,2,0,0,0,0,2,0,0,0,7,0
Habitat Option Ornement et Objets. Spécialité : conception application métal,28,18,4,10,2,2,1,1,1,0,2,0,3,0,0,0,16,1
Habitat Option Ornement et Objets. Spécialité : gravure en modelé,10,5,1,5,0,0,1,0,1,0,1,0,2,0,0,0,8,1
Habitat Option Ornement et Objets. Spécialité : gravure Ornementale,18,12,2,6,1,2,1,1,1,0,2,0,3,0,0,0,14,2
Habitat Option Ornement et Objets. Spécialité : tournage d'art,14,14,2,0,0,1,0,2,0,0,2,0,2,0,0,0,5,0
Handball,65,65,13,0,0,9,0,38,0,0,0,0,1,0,0,0,11,0
Histoire,79052,68554,5282,10483,1567,1811,1191,48571,1821,8445,9540,2829,17003,6380,748,1317,39151,5260
Histoire de l'art et archéologie,21829,18898,1338,2926,262,448,213,12233,402,2082,2729,910,5259,1704,141,237,15512,2604
Horticulture-Paysage,200,200,13,0,0,0,0,157,0,39,47,0,47,36,0,3,113,28
Hôtellerie restauration,9896,9388,1637,502,76,907,84,4443,67,865,1098,86,1756,528,110,227,5924,726
Humanités,10223,8663,499,1551,208,197,177,6182,230,1052,1194,407,2577,854,72,126,7240,1096
Hygiène Sécurité Environnement,9373,9086,2528,285,84,557,18,4805,45,751,827,46,981,477,31,243,2730,232
Industries céramiques,67,67,32,0,0,5,0,9,0,10,14,0,15,1,0,9,21,5
Information communication Option communication des organisations,20305,20162,3557,143,69,230,6,11994,4,568,723,8,715,434,2,132,15311,612
Information communication Option information numérique dans les organisations,4278,4137,713,138,13,73,3,2272,49,211,292,7,297,154,4,53,2422,191
Information communication Option journalisme,4247,4247,435,0,0,68,0,2750,0,81,116,0,112,71,0,10,2191,62
Information communication Option métiers du livre et du patrimoine,4050,4014,325,36,20,132,0,2046,0,272,423,0,425,238,7,27,3315,352
Information communication Option publicité,7175,7175,1209,0,0,107,0,4259,0,225,285,0,284,162,3,60,5052,230
Information et communication,43160,40518,2913,2633,409,549,199,27331,534,3263,3959,637,5620,2742,112,409,30345,3052
Informatique,132015,125755,25040,6238,902,2164,315,77803,1458,7909,8986,1066,12215,5841,161,1907,15302,1048
Informatique d'Organisation des Systèmes d'Information,238,226,81,12,4,7,1,87,0,20,28,4,35,9,0,11,19,2
Innovation sociale,299,298,82,1,0,29,0,99,0,24,30,0,30,12,1,11,212,18
Innovations textiles - Option A : Structures,100,100,33,0,0,34,0,11,0,12,14,0,15,1,7,4,46,9
Innovations textiles - Option B : Traitements,72,72,28,0,0,23,0,4,0,7,8,0,15,3,0,4,47,6
Insertion à la Licence Scientifique (APILS),233,227,53,6,3,13,0,103,0,36,42,2,45,28,0,8,130,29
Instrument,88,88,9,0,0,4,0,28,0,0,12,0,12,0,0,0,38,4
Intervention Sociale,487,465,198,22,8,40,4,124,1,36,56,7,70,4,9,23,421,53
Judo-Jujitsu (BPJEPS),141,124,35,17,7,26,3,55,3,4,3,2,14,3,0,1,34,2
Judo-Jujitsu (DEJEPS),29,29,5,0,0,7,0,9,0,1,2,0,2,1,0,0,5,0
Langues étrangères appliquées,115810,103722,9695,12069,1604,3577,1416,69705,2116,13667,15650,3583,23428,10384,1076,2207,85787,13658
"Langues, littératures & civilisations étrangères",1927,1394,160,529,86,63,74,814,92,127,114,115,270,57,36,34,1447,155
"Langues, littératures & civilisations étrangères et régionales",106676,89082,5908,17565,1869,2711,1745,61215,3078,13796,15975,5251,34291,11017,1085,1694,80910,15363
Lettres,97874,88711,1249,9135,610,837,763,74699,1957,9066,9970,2195,18922,8439,303,324,75279,9569
"Lettres, langues",1923,1686,55,237,21,46,36,1241,56,152,177,41,295,132,15,5,1595,186
Licence intégrée franco-allemande en droit,123,81,2,42,2,2,4,68,12,7,7,1,40,7,0,0,89,7
Littéraire,346,297,8,49,1,3,4,255,25,57,53,5,75,57,0,0,218,38
Livre,1095,989,208,106,14,29,21,295,27,26,37,4,42,16,0,10,863,38
Lutte et disciplines associées,13,13,3,0,0,3,0,5,0,0,0,0,2,0,0,0,1,0
Maintenance des installations oléohydrauliques et pneumatiques,74,69,0,5,0,64,5,1,0,12,10,2,57,0,12,0,1,0
Maintenance des matériels de construction et de manutention,694,672,96,21,1,412,12,22,1,73,74,4,123,0,66,7,19,2
Maintenance des systèmes - option A Systèmes de production,18143,17238,4405,891,207,9325,356,626,41,1624,1650,125,2193,46,1071,507,860,51
Maintenance des systèmes - option B Systèmes énergétiques et fluidiques,2154,2108,395,45,12,1342,18,62,0,163,176,4,235,2,127,34,40,1
Maintenance des systèmes - option C Systèmes éoliens,1432,1384,625,48,22,507,5,59,1,91,97,6,111,2,44,45,31,2
Maintenance des véhicules option motocycles,948,947,313,1,1,404,0,105,0,48,51,0,64,8,31,9,24,2
Maintenance des véhicules option véhicules de transport routier,800,785,138,13,0,423,7,36,1,80,96,1,128,3,64,13,18,0
Maintenance des véhicules option voitures particulières,8846,8741,1753,103,17,4846,46,688,5,759,810,17,952,58,564,137,379,43
"Maintenance hôtelière, hospitalière et immobilière",69,52,13,17,6,18,3,19,2,12,13,0,30,2,6,4,20,0
Management des unités commerciales,220440,207620,73396,12696,3667,64104,2775,29500,930,9179,9920,704,12589,1284,4222,3673,105621,5686
Management en hôtellerie restauration,18123,17895,6743,218,65,7066,91,0,0,2316,3214,46,3832,0,1083,1233,9202,1685
Maquettes et prototypes,93,91,6,2,0,45,1,1,0,6,21,0,28,0,6,0,36,8
Matériaux,1006,898,283,107,19,63,15,253,25,68,88,12,117,26,5,37,698,73
Mathématique - Préparation aux écoles d'ingénieurs,677,677,17,0,0,9,0,538,0,38,38,0,40,38,0,0,216,19
Mathématiques,65706,59218,1847,6478,606,252,246,46429,1610,4023,4735,1325,10508,3605,103,315,20039,1851
Mathématiques et informatique appliquées aux sciences humaines et sociales,24036,22974,1047,1061,95,146,50,16926,210,1552,1950,257,2661,1418,30,104,9859,988
Mathématiques Physique Préparation Concours,265,265,11,0,0,5,0,180,0,2,8,0,10,2,0,0,87,4
"Mathématiques, physique, chimie, informatique",1202,1202,30,0,0,4,0,981,0,29,29,0,25,29,0,0,326,8
Mécanicien en compétition automobile - Option monoplace,27,27,1,0,0,24,0,0,0,10,11,0,12,0,10,0,0,0
Mécanique,4244,3761,338,483,43,33,12,2728,178,217,266,33,502,197,3,17,739,57
Mécatronique navale,158,129,5,27,4,116,17,2,0,44,40,5,66,0,40,4,9,2
Méd. Bio. Pass,55,47,2,8,2,1,0,32,2,12,16,0,40,12,0,0,38,11
"Médiations citoyennes : éducation, culture, social, environnement",226,226,57,0,0,36,0,76,0,30,45,0,45,14,9,7,164,31
Mesures physiques,25196,24335,2473,856,159,39,11,18235,220,1956,2225,111,2512,1695,0,261,4962,471
Métiers de la chimie,9250,9050,3321,196,59,631,10,2734,26,622,746,26,831,187,66,369,5008,428
Métiers de la cohésion sociale,287,186,71,101,30,19,17,52,6,5,6,4,30,2,0,3,239,8
Métiers de la coiffure,721,647,184,74,10,196,28,100,3,34,45,9,110,7,12,15,571,45
Métiers de la forme,3959,3712,1039,244,53,414,34,1397,54,80,140,20,177,47,4,29,812,55
Métiers de la mode-chaussure et maroquinerie,1081,1080,155,1,0,474,0,169,1,63,80,1,93,8,46,9,893,74
Métiers de la mode-vêtements,10189,10052,1696,137,33,4490,43,1621,12,577,665,11,707,90,420,67,8629,613
"Métiers de l'animation sociale, socio-éducative et socio-culturelle",191,131,36,60,10,15,10,41,5,7,7,16,22,2,3,2,117,15
Métiers de l'audio-visuel opt : gestion de la production,5975,5975,991,0,0,561,0,2576,0,123,160,0,163,89,19,15,2567,96
Métiers de l'audio-visuel opt : métiers de l'image,13885,13817,2202,68,0,1444,0,5974,24,104,129,1,131,66,23,15,4363,61
Métiers de l'audio-visuel opt : métiers du son,12123,12062,2638,61,0,1444,0,4554,27,134,155,0,160,77,26,31,1658,33
Métiers de l'audio-visuel opt : montage et post-production,14609,14606,2510,0,0,1435,0,5849,0,136,170,0,158,95,26,15,3571,75
Métiers de l'audio-visuel opt : techn. d'ingeniérie et exploit. équipements,3169,3163,901,5,3,501,0,966,0,140,170,0,171,58,33,49,446,32
Métiers de l'eau,2437,2298,1065,138,42,324,25,418,3,188,237,17,325,50,42,96,731,70
Métiers de l'esthétique-cosmétique-parfumerie,13987,13543,4402,443,107,3988,78,2619,60,798,921,42,1183,137,433,228,13750,955
Métiers des bibliothèques et de la documentation,153,137,12,16,2,6,2,49,0,9,26,0,40,7,0,2,109,18
Métiers des Services à l'environnement,2452,2259,657,191,40,519,49,351,8,199,235,28,317,19,102,78,1017,114
Métiers du géomètre-topographe et de la modélisation numérique,3928,3819,976,109,39,977,10,1052,6,304,333,23,417,104,119,81,549,60
Métiers du livre,110,110,10,0,0,8,0,46,0,5,12,0,13,4,0,1,84,8
Métiers du multimédia et de l'internet,39298,38673,10236,621,93,1068,39,18575,163,1527,1935,36,1942,965,28,534,9937,661
Métiers du sport,151,118,23,33,10,16,5,61,10,6,5,1,14,3,1,2,43,1
Mise à niveau en sciences et technologies,436,340,87,91,19,26,10,148,17,22,14,17,75,9,3,10,252,22
Mise à niveau scientifique,1110,946,248,164,36,90,14,384,33,105,117,10,160,43,9,53,676,91
Mode,5482,5482,1027,0,0,757,0,1953,0,77,115,0,112,33,12,32,4362,84
Moteur à combustion interne,2057,2009,636,47,18,740,1,340,7,158,176,4,199,26,78,54,83,7
Motocyclisme,26,22,11,4,2,0,1,9,0,0,0,0,2,0,0,0,1,0
MPSI,173599,171286,326,2310,39,40,10,142369,1288,7810,7963,125,8729,7809,0,1,47970,2001
Musicologie,8873,7648,754,1221,137,234,81,4820,219,1198,1553,273,2477,937,63,198,4004,743
Natation,25,25,10,0,0,2,0,9,0,1,1,0,2,0,0,1,3,1
Négociation et digitalisation de la Relation Client,140769,134494,51880,6140,1734,42111,1476,16129,525,6270,6787,362,8426,788,2783,2699,64924,3646
Notariat,18877,17701,5389,1170,231,1862,141,5000,138,748,962,113,1529,351,88,309,13784,909
Numérique,2797,2749,496,45,6,334,8,1050,10,113,146,1,139,58,16,39,1588,94
Objet,7333,6904,1644,425,76,573,62,2221,103,302,484,21,517,119,51,132,4514,348
Océanographe - Prospecteur,34,34,5,0,0,0,0,22,0,10,13,0,12,9,0,1,14,4
Opticien-Lunetier,8818,8612,2240,205,28,1287,17,2945,41,551,686,53,856,266,147,138,6183,529
Option costumier réalisateur,589,589,102,0,0,82,0,34,0,7,41,0,37,0,2,5,544,36
Option économique - Prépa St Cyr,1911,1911,18,0,0,2,0,1617,0,122,134,0,135,122,0,0,501,47
Option lettres et sciences humaines (St Cyr),960,943,6,17,0,0,0,775,10,78,79,0,85,78,0,0,336,26
Organisateur de réception,625,542,96,81,17,358,31,16,5,79,87,5,174,0,67,12,436,69
Ornement,138,120,18,18,0,5,3,39,5,8,16,1,18,4,2,2,125,15
"PACES - Médecine, Pharmacie, Odontologie (dentiste), Maïeutique (sage-femmes)",220090,212310,7885,7698,1101,1872,734,176758,1998,37386,39755,1931,47915,35241,543,1602,150426,28851
"Packaging, emballage et conditionnement",1499,1423,557,76,37,34,2,644,11,166,180,5,186,109,0,57,782,106
Parcours mathématiques-physique,920,859,29,61,7,8,8,669,17,17,17,4,30,17,0,0,267,5
Parcours physique-chimie,548,400,18,148,11,7,8,281,46,10,10,5,30,10,0,0,255,5
Parcours scientifique renforcé,653,641,14,12,0,6,2,502,6,27,31,0,36,27,0,0,192,7
Patrimoine,93,62,20,31,10,3,2,8,6,6,13,4,23,2,0,4,63,11
Paysage,517,480,43,37,4,23,0,232,17,53,86,1,95,44,3,6,279,50
Paysagiste concepteur,7,0,0,7,0,0,2,0,5,0,0,0,30,0,0,0,5,0
PCSI,149952,147780,186,2169,50,17,25,123479,1294,7696,7936,167,9152,7694,0,2,49389,2605
PCSO : Préparation aux cursus scientifiques d'Orsay,657,657,168,0,0,34,0,314,0,109,127,0,120,74,1,34,414,90
Peinture décoration,12,9,0,3,2,8,0,0,0,2,2,0,12,0,2,0,7,0
Philosophie,21814,17860,937,3952,434,235,281,12156,715,1349,1681,866,4094,1105,76,168,13372,1380
Photographie,3978,3933,683,45,4,527,12,1614,4,124,179,8,189,82,25,17,2645,123
Physique,26166,23812,809,2349,217,77,73,17847,530,1449,1781,505,4155,1285,33,131,8319,635
"Physique, chimie",19986,17176,928,2803,312,80,65,12842,672,1113,1236,491,2843,959,22,132,8083,652
Pilotage des procédés,817,705,233,112,26,292,35,54,5,119,123,28,171,7,73,39,202,44
Podo-orthésiste,434,434,189,0,0,12,0,83,0,19,37,0,38,8,2,9,297,18
Portail,1143,1143,257,0,0,160,0,401,0,58,88,0,90,27,10,21,838,73
"Pratique et gestion des activités physiques, sportives et de loisirs pour les publics séniors",158,152,40,6,0,19,2,48,0,12,20,1,20,5,2,5,66,12
Préparation au concours IEP,1163,1163,14,0,0,1,0,1098,0,83,83,0,72,83,0,0,774,64
Préparation aux concours d'entrée des écoles d'Assistant de service social,190,141,40,49,11,29,20,45,5,1,1,2,31,1,0,0,170,2
Préparation aux concours d'entrée des écoles de Kinésithérapeute,227,191,30,36,8,15,5,134,7,3,3,0,360,1,2,0,149,1
Préparation aux concours d'entrée des écoles de Psychomotricité,358,308,44,50,4,12,5,166,11,15,16,2,150,13,0,2,322,17
Préparation aux concours d'entrée des écoles de Soins Infirmiers,20789,20172,7841,610,184,2580,129,7783,82,1240,1262,60,1776,399,195,646,18319,1193
Préparation aux concours d'entrée des écoles d'Educateur de Jeunes Enfants,423,363,109,60,13,76,21,138,6,15,16,0,61,10,2,3,368,15
Préparation aux concours d'entrée des écoles d'Educateur spécialisé,608,529,181,79,17,91,29,185,9,29,29,4,82,17,1,11,508,28
Préparation aux concours d'entrée des écoles d'Orthophonie,1417,1361,74,56,10,11,4,997,15,47,53,2,77,46,0,1,1355,55
Préparation aux concours d'entrée en écoles d'audioprothésiste,121,108,11,13,2,2,1,66,0,6,7,1,30,6,0,0,83,4
Préparation aux concours d'entrée en écoles d'orthoptiste,166,144,14,22,4,4,4,81,4,6,8,1,30,6,0,0,143,8
"Préparation aux concours des écoles de commerce, Parcours Economie- Finance",839,838,8,1,0,2,0,760,1,93,95,0,95,93,0,0,393,44
"Préparation aux concours des écoles de commerce, Parcours Gestion",761,757,6,4,1,0,0,690,1,91,92,1,95,91,0,0,411,59
Préparation aux concours paramédicaux,7311,6864,1915,446,92,568,101,3242,63,245,263,23,390,108,21,116,6322,260
"Préparation concours écoles de cinéma, photo, image (PREP'ARTS)",173,166,15,7,0,6,2,114,5,18,30,0,45,18,0,0,88,13
Prep'ISIMA,296,252,16,44,5,0,1,206,9,16,17,1,24,15,0,1,54,2
Production horticole,2153,2043,313,100,14,628,18,259,3,231,276,34,539,33,149,49,841,141
"Production, contrôles et qualité des produits de santé",138,138,26,0,0,10,0,49,0,9,14,0,15,3,2,4,110,11
productions animales,7920,7688,3110,230,63,1612,56,2170,21,771,804,29,997,260,152,359,5247,574
productions animales pour Bac pro agricole : accéder à une école d'ingénieur,54,48,4,6,1,36,2,5,1,6,6,0,12,0,6,0,27,4
Professions immobilières,50817,49904,16236,900,316,9431,168,13706,51,1139,1334,37,1439,413,261,465,28547,904
Prothésiste dentaire,2232,2227,533,5,0,500,1,517,0,53,57,1,68,1,51,1,1493,33
Prothésiste orthésiste,3149,3149,984,0,0,55,0,831,0,67,125,0,123,34,4,29,2188,86
Psychologie,121784,117252,13583,4523,449,3615,251,68677,799,11884,16112,1392,18300,9114,763,2007,98665,14254
PTSI,34795,33961,264,833,44,9,14,28870,411,2554,2658,75,3128,2553,0,1,6159,422
Qualité dans les industries alimentaires et les bio-industries,2462,2362,1076,98,33,320,17,349,13,189,226,21,283,34,33,122,1536,160
"Qualité, logistique industrielle et organisation",6444,5836,1739,604,195,266,36,2884,107,779,873,88,1016,460,30,289,1668,252
Régie de spectacle Option lumière,503,503,97,0,0,133,0,113,0,25,40,0,40,15,7,3,151,15
Régie de spectacle Option son,736,736,175,0,0,95,0,251,0,28,40,0,40,16,3,9,142,12
Réseaux et télécommunications,15714,14769,4948,940,241,687,66,7187,174,1294,1382,112,1579,709,40,545,1197,70
Responsable technique en bâtiment et travaux publics,52,52,12,0,0,15,0,11,0,14,20,0,20,8,4,2,9,6
Rugby à XV,172,172,65,0,0,28,0,58,0,1,2,0,3,0,0,1,12,1
"Santé, environnement : techniques industrielles et commerciales",250,140,35,109,22,8,12,71,15,10,6,17,30,7,0,3,159,16
Science et génie des matériaux,6457,6166,1289,290,79,19,16,4029,60,467,518,28,589,360,0,107,1058,98
Science et génie des matériaux - arts appliqués,295,287,90,8,0,2,1,152,2,32,35,1,42,25,0,7,132,17
Science politique,26358,25301,583,1057,112,151,58,19430,319,1395,1636,213,2385,1324,24,47,15609,1051
Sciences de la terre,11597,9779,437,1816,181,59,75,7013,398,728,840,274,1955,652,11,65,5978,481
Sciences de la vie,91892,85634,5457,6241,600,289,137,59069,1396,7456,9654,1499,15905,6605,73,778,62646,7228
Sciences de la vie et de la terre,29230,27898,1626,1329,138,128,36,19089,291,2474,3184,427,4252,2187,28,259,19499,2253
Sciences de la Vie et de la Terre : préparation aux concours B Agro et Véto (Sites Saint Charles),755,661,32,94,5,11,6,503,34,16,11,12,25,16,0,0,566,16
Sciences de l'éducation,41311,40865,5404,443,51,1097,24,23560,82,3281,4279,129,4655,2424,157,700,36313,4004
"Sciences de l'Homme, Anthropologie, Ethnologie",5944,5506,220,438,37,58,26,3593,70,562,846,102,912,506,24,32,4164,609
Sciences du langage,15464,12906,674,2552,270,142,169,8136,474,1682,2231,763,3841,1404,65,213,13308,2556
Sciences économiques,237,203,6,34,4,4,7,175,12,35,31,4,40,35,0,0,94,12
Sciences et Humanités,672,672,67,0,0,21,0,406,0,36,59,0,60,33,1,2,431,30
Sciences et Techniques des Activités Physiques et Sportives,144036,141501,17819,2469,452,3617,210,97444,669,17161,19657,499,20697,14047,557,2557,43827,6277
Sciences et technologies,33729,32649,1480,1075,120,129,41,23049,264,2117,2962,231,3359,1931,29,157,14994,1493
Sciences et technologies des aliments spécialité Aliments et processus technologiques,2730,2443,911,282,76,544,55,358,16,337,384,60,684,58,113,166,1555,241
Sciences et technologies des aliments spécialité Produits céréaliers,76,71,15,5,1,28,2,8,0,6,11,1,16,0,5,1,31,3
Sciences et technologies des aliments spécialité Produits laitiers,501,486,165,14,4,106,3,95,2,61,74,6,94,20,14,27,286,49
Sciences et technologies des aliments spécialité Viandes et produits de la pêche,111,110,38,1,1,17,0,21,0,9,13,0,18,4,1,4,32,4
Sciences pour la santé,19738,19088,1483,643,92,127,35,11998,108,975,1404,258,1857,754,19,202,15204,1315
Sciences pour l'ingénieur,22893,20930,2114,1957,259,210,83,14910,500,1090,1208,360,2730,839,40,211,4386,253
Sciences sanitaires et sociales,7622,7153,2949,467,88,510,73,2219,38,689,808,147,1149,212,65,412,6993,879
Sciences sociales,19642,17476,1343,2164,315,340,199,11650,305,1933,2387,667,3618,1533,141,259,13777,2055
Scientifique,2025,1939,123,86,9,107,22,1445,27,209,212,3,240,176,22,11,601,60
Service et prestation des secteurs sanitaire et social,43166,41399,13409,1740,358,15606,528,4349,81,2402,2678,189,3329,242,1167,993,39728,2717
Services financiers,120,112,19,8,1,84,5,6,0,18,17,2,30,1,16,1,76,16
Services informatiques aux organisations,61234,57386,20298,3808,1167,13949,520,9455,298,4080,4668,356,5873,827,1504,1749,4850,383
Sociologie,39354,33543,3444,5794,928,893,594,21497,972,3738,4097,2048,7142,2482,427,829,28601,4362
Spectacle,1927,1922,340,5,0,252,3,459,1,76,136,1,134,33,13,30,1582,106
Spéléologie,8,8,1,0,0,0,0,4,0,0,0,0,1,0,0,0,0,0
Statistique et informatique décisionnelle,6032,5666,591,366,59,14,4,3940,116,485,586,51,683,437,1,47,1504,187
Support à l'action managériale,67803,61140,23965,6556,1971,22794,1422,4016,387,5522,5848,711,7895,470,2489,2563,50006,5221
Surf,30,27,5,3,2,5,0,12,1,1,2,0,5,0,0,1,4,1
Systèmes constructifs bois et habitat,3352,3253,1117,99,24,1290,34,429,11,319,357,20,458,38,185,96,253,27
Systèmes numériques - Option électronique et communication,19497,17828,6236,1652,485,6683,449,1729,85,1518,1619,148,2153,118,718,682,811,57
Systèmes numériques - Option informatique et réseaux,53473,51727,18842,1722,328,11950,566,8923,121,2434,2737,116,3065,406,864,1164,3152,110
Systèmes photoniques,1117,925,461,190,62,192,33,127,15,141,146,34,245,19,27,95,219,41
TB,1967,1967,1892,0,0,0,0,0,0,201,202,0,197,0,0,201,1322,130
"Technicien ascensoriste, service et modernisation",831,780,3,50,7,702,35,0,0,105,112,8,196,0,105,0,9,2
Technicien de la mer et du littoral,208,208,56,0,0,13,0,86,0,20,31,0,32,9,0,11,91,9
Technicien en chaudronnerie aéronautique et spatiale,130,126,1,4,0,122,4,1,0,31,29,2,36,0,31,0,2,0
Technicien en énergies renouvelables (option énergie électrique),749,682,16,65,9,594,36,6,1,101,106,8,246,0,96,5,21,3
Technicien en énergies renouvelables (option thermique),431,380,10,49,2,328,34,6,0,72,65,8,149,0,69,3,14,0
Technicien en Qualité Sécurité Environnement Management des risques,48,41,3,7,1,0,0,27,3,15,17,2,47,14,0,1,18,6
Technicien en réseau électrique,142,134,4,8,1,123,7,1,0,18,18,0,34,0,16,2,3,0
Technicien Supérieur du transport aérien et maritime de marchandises,24,19,6,5,2,3,1,7,0,0,1,0,15,0,0,0,6,1
Technicien Supérieur Géologie,59,58,6,1,0,0,0,40,1,17,22,0,30,14,0,3,16,6
Technicien(ne) en soudage,823,790,8,33,5,741,23,1,0,140,139,12,204,0,139,1,25,6
Technicien(ne) en tuyauterie,77,71,2,5,2,66,2,0,0,23,24,0,67,0,23,0,3,1
Technico-commercial (BTS),36587,34731,12892,1835,397,10221,464,4166,158,2040,2229,158,2726,158,1054,828,9549,518
Technico-commercial (BTSA),5755,4834,1385,885,277,1856,213,605,68,888,887,154,1603,121,491,276,2602,507
Techniques de commercialisation,167954,162829,45454,5100,1430,3427,197,92234,1329,8107,8739,438,9218,4814,136,3157,81191,5253
Techniques de commercialisation - Formation franco-allemande en gestion touristique TEC2TOUR,198,195,28,3,0,4,2,125,1,12,13,1,14,12,0,0,134,13
Techniques de commercialisation - Formation trinationale franco-germano-suisse IBM,346,346,37,0,0,5,0,248,0,31,33,0,32,30,0,1,181,20
Techniques et services en matériels agricoles,737,732,132,5,0,460,3,41,0,110,114,1,138,4,96,10,42,1
Techniques physiques pour l'industrie et le laboratoire,1640,1450,599,188,54,76,15,352,17,123,160,22,234,41,4,78,481,47
Technologies de l'organisation dans les professions de santé,181,99,38,82,23,2,6,31,9,16,12,11,30,5,0,11,137,15
Tennis,116,104,28,12,1,11,1,51,2,2,3,0,12,1,0,1,22,0
Tennis de table (BPJEPS),60,54,14,6,2,9,3,26,0,0,0,0,9,0,0,0,11,0
Tennis de table (DEJEPS),58,44,8,14,5,9,2,20,6,0,0,0,4,0,0,0,3,0
Textile,1818,1793,518,25,2,153,4,468,5,63,82,3,85,28,9,26,1595,71
"Textile Céramique : Arts textiles, option broderie",224,224,75,0,0,33,0,13,0,5,20,0,19,0,0,5,209,20
"Textile Céramique : Arts textiles, option tissage",78,78,30,0,0,9,0,4,0,2,5,0,4,0,0,2,74,5
Textile Céramique : Céramique Artisanale,156,137,40,19,2,10,3,19,6,9,22,2,24,2,1,6,127,19
Théologie,150,122,11,28,6,7,6,80,7,10,12,2,145,8,1,1,72,7
Théologie Catholique,137,93,2,44,2,3,3,53,6,5,12,11,65,5,0,0,66,10
Théologie Protestante,116,69,5,47,4,4,0,33,1,2,8,26,65,0,1,1,51,16
Tourisme,64153,60881,13610,3248,567,12478,630,19056,343,2928,3744,351,4908,1264,817,847,49014,3324
TPC,568,556,531,12,7,0,0,0,0,97,98,1,110,0,0,97,232,41
Traitement des matériaux,1024,880,431,143,55,133,8,112,13,111,121,25,173,16,20,75,140,19
Transport et prestations logistiques,16929,15921,3645,985,144,5488,252,1673,40,1058,1148,79,1404,112,637,309,3953,276
Travaux publics,7733,7267,2784,461,107,1866,102,1015,42,496,539,53,729,63,208,225,580,38
Triathlon,32,32,4,0,0,3,0,21,0,2,2,0,3,2,0,0,7,1
TSI,10528,10351,9322,175,136,147,7,0,0,1353,1375,21,1572,0,54,1299,884,111
Vélo tout terrain,59,59,16,0,0,9,0,29,0,1,1,0,4,1,0,0,5,0
Vendeur spécialisé en produits techniques pour l'habitat,101,81,3,17,2,67,13,2,0,20,15,4,30,0,20,0,44,10
Viticulture-Oenologie,2761,2695,743,66,13,551,10,858,13,262,287,16,397,92,73,97,997,101
Volley-ball (DEJEPS),66,66,12,0,0,15,0,31,0,0,0,0,5,0,0,0,20,0
Webmaster et gestionnaire d'intranet,328,212,38,116,15,16,12,76,13,27,44,28,100,17,4,6,100,28
